日期,频道ID,抓取数量
2026-01-31 11:39:28,v2ray_configs_pool,0
2026-01-31 11:39:28,oneclickvpnkeys,0
2026-01-31 11:39:28,free_v2ray_full_speed,0
2026-01-31 11:39:28,v2ray_free_conf,20
2026-01-31 11:39:28,v2ray_vless_trojan_ss,0
2026-01-31 11:39:28,v2ray_vless_hysteria,0
2026-01-31 11:39:28,ShadowSocksShare,0
2026-01-31 11:39:28,SS_V2ray_Trojan,0
2026-01-31 11:39:28,v2ray_footprint,0
2026-01-31 11:39:28,V2list,0
2026-01-31 11:42:26,v2ray_configs_pool,0
2026-01-31 11:42:26,oneclickvpnkeys,75
2026-01-31 11:42:26,free_v2ray_full_speed,0
2026-01-31 11:42:26,v2ray_free_conf,20
2026-01-31 11:42:26,v2ray_vless_trojan_ss,0
2026-01-31 11:42:26,v2ray_vless_hysteria,0
2026-01-31 11:42:26,ShadowSocksShare,0
2026-01-31 11:42:26,SS_V2ray_Trojan,0
2026-01-31 11:42:26,v2ray_footprint,0
2026-01-31 11:42:26,V2list,0
2026-01-31 11:42:26,v2free66,0
2026-01-31 11:42:26,clash_node_share,0
2026-01-31 11:42:26,proxies_sharing,0
2026-01-31 11:44:03,v2ray_configs_pool,0
2026-01-31 11:44:03,oneclickvpnkeys,0
2026-01-31 11:44:03,free_v2ray_full_speed,0
2026-01-31 11:44:03,v2ray_free_conf,0
2026-01-31 11:44:03,v2ray_vless_trojan_ss,0
2026-01-31 11:44:03,v2ray_vless_hysteria,0
2026-01-31 11:44:03,ShadowSocksShare,0
2026-01-31 11:44:03,SS_V2ray_Trojan,0
2026-01-31 11:44:03,v2ray_footprint,0
2026-01-31 11:44:03,V2list,0
2026-01-31 11:45:08,v2ray_configs_pool,0
2026-01-31 11:45:08,oneclickvpnkeys,73
2026-01-31 11:45:08,free_v2ray_full_speed,0
2026-01-31 11:45:08,v2ray_free_conf,19
2026-01-31 11:45:08,v2ray_vless_trojan_ss,0
2026-01-31 11:45:08,v2ray_vless_hysteria,0
2026-01-31 11:45:08,ShadowSocksShare,0
2026-01-31 11:45:08,SS_V2ray_Trojan,0
2026-01-31 11:45:08,v2ray_footprint,0
2026-01-31 11:45:08,V2list,0
2026-01-31 11:48:43,v2ray_configs_pool,0
2026-01-31 11:48:43,oneclickvpnkeys,75
2026-01-31 11:48:43,free_v2ray_full_speed,0
2026-01-31 11:48:43,v2ray_free_conf,20
2026-01-31 11:48:43,v2ray_vless_trojan_ss,0
2026-01-31 11:48:43,v2ray_vless_hysteria,0
2026-01-31 11:48:43,ShadowSocksShare,0
2026-01-31 11:48:43,SS_V2ray_Trojan,0
2026-01-31 11:48:43,v2ray_footprint,0
2026-01-31 11:48:43,V2list,0
2026-01-31 11:48:43,v2free66,0
2026-01-31 11:48:43,clash_node_share,0
2026-01-31 11:48:43,proxies_sharing,0
2026-01-31 11:50:44,oneclickvpnkeys,75
2026-01-31 11:50:44,v2ray_free_conf,20
2026-01-31 11:50:44,v2ray_configs_pool,0
2026-01-31 11:50:44,v2ray_footprint,0
2026-01-31 11:50:44,V2list,0
2026-01-31 11:52:37,oneclickvpnkeys,75
2026-01-31 11:52:37,v2ray_free_conf,20
2026-01-31 11:54:28,oneclickvpnkeys,75
2026-01-31 11:54:28,v2ray_free_conf,20
2026-01-31 11:57:56,oneclickvpnkeys,75
2026-01-31 11:57:56,v2ray_free_conf,20
2026-01-31 13:28:33,oneclickvpnkeys,75
2026-01-31 13:28:33,v2ray_free_conf,20
2026-01-31 13:28:33,ip_cf_config,20
2026-01-31 13:35:06,oneclickvpnkeys,75
2026-01-31 13:35:06,v2ray_free_conf,20
2026-01-31 13:35:06,ip_cf_config,20
2026-01-31 13:35:06,vlesskeys,10
2026-01-31 13:35:06,VlessVpnFree,14
2026-01-31 13:35:06,vpnfail_vless,20
2026-01-31 13:35:06,v2Line,8
2026-01-31 13:35:06,vless_vpns,19
2026-01-31 13:41:38,oneclickvpnkeys,75
2026-01-31 13:41:38,v2ray_free_conf,20
2026-01-31 13:41:38,ip_cf_config,20
2026-01-31 13:41:38,vlesskeys,10
2026-01-31 13:41:38,VlessVpnFree,14
2026-01-31 13:41:38,vpnfail_vless,20
2026-01-31 13:41:38,v2Line,8
2026-01-31 13:41:38,vless_vpns,19
2026-01-31,oneclickvpnkeys,2653
2026-01-31,v2ray_free_conf,390
2026-01-31,ip_cf_config,400
2026-01-31,vlesskeys,200
2026-01-31,VlessVpnFree,342
2026-01-31,vpnfail_vless,400
2026-01-31,v2Line,8
2026-01-31,vless_vpns,386
2026-01-31,oneclickvpnkeys,2653
2026-01-31,v2ray_free_conf,390
2026-01-31,ip_cf_config,400
2026-01-31,vlesskeys,200
2026-01-31,VlessVpnFree,342
2026-01-31,vpnfail_vless,400
2026-01-31,v2Line,8
2026-01-31,vless_vpns,386
2026-01-31,oneclickvpnkeys,2653
2026-01-31,v2ray_free_conf,390
2026-01-31,ip_cf_config,400
2026-01-31,vlesskeys,200
2026-01-31,VlessVpnFree,342
2026-01-31,vpnfail_vless,400
2026-01-31,v2Line,8
2026-01-31,vless_vpns,386
2026-01-31,oneclickvpnkeys,2653
2026-01-31,v2ray_free_conf,390
2026-01-31,ip_cf_config,400
2026-01-31,vlesskeys,200
2026-01-31,VlessVpnFree,342
2026-01-31,vpnfail_vless,400
2026-01-31,v2Line,8
2026-01-31,vless_vpns,386
2026-01-31,oneclickvpnkeys,2653
2026-01-31,v2ray_free_conf,390
2026-01-31,ip_cf_config,400
2026-01-31,vlesskeys,200
2026-01-31,VlessVpnFree,342
2026-01-31,vpnfail_vless,400
2026-01-31,v2Line,8
2026-01-31,vless_vpns,386
2026-01-31,oneclickvpnkeys,205
2026-01-31,v2ray_free_conf,40
2026-01-31,ip_cf_config,40
2026-01-31,vlesskeys,20
2026-01-31,VlessVpnFree,30
2026-01-31,vpnfail_vless,40
2026-01-31,v2Line,8
2026-01-31,vless_vpns,39
2026-01-31,oneclickvpnkeys,205
2026-01-31,v2ray_free_conf,40
2026-01-31,ip_cf_config,40
2026-01-31,vlesskeys,20
2026-01-31,VlessVpnFree,30
2026-01-31,vpnfail_vless,40
2026-01-31,v2Line,8
2026-01-31,vless_vpns,39
2026-01-31,oneclickvpnkeys,194
2026-01-31,v2ray_free_conf,40
2026-01-31,ip_cf_config,40
2026-01-31,vlesskeys,20
2026-01-31,VlessVpnFree,30
2026-01-31,vpnfail_vless,40
2026-01-31,v2Line,8
2026-01-31,vless_vpns,39
2026-01-31,oneclickvpnkeys,188
2026-01-31,v2ray_free_conf,40
2026-01-31,ip_cf_config,40
2026-01-31,vlesskeys,20
2026-01-31,VlessVpnFree,30
2026-01-31,vpnfail_vless,40
2026-01-31,v2Line,8
2026-01-31,vless_vpns,39
2026-01-31,farahvpn,40
2026-01-31,bored_vpn,58
2026-01-31,empirevpn7,53
2026-01-31,V2raythekyo,36
2026-01-31,hpv2ray_official,42
2026-01-31,vmess_ir,38
2026-01-31,configfree_1,15
2026-01-31,PrivateVPNs,40
2026-01-31,Outline_Vpn,171
2026-01-31,directvpn,40
2026-01-31,m_vipv2ray,196
2026-01-31,outline_ir,38
2026-01-31,v2rayngconfings,84
2026-01-31,DigiV2ray23,36
2026-01-31,proxy_mtproto_vpns_free,22
2026-01-31,v2rayfree,22
2026-01-31,v2rayngseven,7
2026-01-31,nofiltering2,16
2026-01-31,v2_fast,32
2026-01-31,v2logy,32
2026-01-31,proxy48,86
2026-01-31,v2aryng_vpn,19
2026-01-31,siigmavpn,0
2026-01-31,disvpn,0
2026-01-31,igrsdet,48
2026-01-31,iran_access,45
2026-01-31,vpn_room,14
2026-01-31,v2rayPort,131
2026-01-31,configpluse,11
2026-01-31,customvpnserver,77
2026-01-31,v2rayng954,29
2026-01-31,Free_Internet_Iran,20
2026-01-31,mftizi,219
2026-01-31,NIM_VPN_ir,13
2026-01-31,berice_v2,33
2026-01-31,v2rayip1,3
2026-01-31,v2raytg,53
2026-01-31,V2RAY_VMESS_free,7
2026-01-31,WomanLifeFreedomVPN,21
2026-01-31,bluevpn_v2ray,23
2026-01-31,v2rayy_vpn13,51
2026-01-31,vpn_kanfik,14
2026-01-31,FalconPolV2rayNG,13
2026-01-31,ghalagyann,0
2026-01-31,iranbaxvpn,12
2026-01-31,vipvpn_v2ray,23
2026-01-31,vpncostumer,50
2026-01-31,pruoxyi,5
2026-01-31,v2ngfast,37
2026-01-31,arv2ra,151
2026-01-31,renetvpn,19
2026-01-31,v2rayngvpn_1,33
2026-01-31,v2rplus,18
2026-01-31,vpncostume,17
2026-01-31,lightning6,0
2026-01-31,hopev2ray,35
2026-01-31,arv2ray,27
2026-01-31,tehranargo,1
2026-01-31,v2raxx,27
2026-01-31,v2ryng01,1
2026-01-31,drakvpn,678
2026-01-31,sobyv2ray,0
2026-01-31,V2pedia,0
2026-01-31,v2pedia,0
2026-01-31,jiedianf,6
2026-01-31,nofilter_v2rayng,5
2026-01-31,v2rayland02,75
2026-01-31,mt_team_iran,12
2026-01-31,proxy_n1,18
2026-01-31,x4azadi,52
2026-01-31,toxicvid,9
2026-01-31,MTProto_666,54
2026-01-31,castom_v2ray,8
2026-01-31,club_vpn9,16
2026-01-31,mrvpn1403,7
2026-01-31,skivpn,27
2026-01-31,gozargah_azadi,0
2026-01-31,fastvpnorummobile,19
2026-01-31,Easy_Free_VPN,8
2026-01-31,clubvpn443,3
2026-01-31,khalaa_vpn,4
2026-01-31,servernett,0
2026-01-31,turboo_server,0
2026-01-31,virav2ray,0
2026-01-31,MsV2ray,2
2026-01-31,amirinventor2010,5
2026-01-31,black8rose,3
2026-01-31,bolbolvpn,0
2026-01-31,iranmedicalvpn,2
2026-01-31,v2rayng_81,12
2026-01-31,fhkllvjkll,53
2026-01-31,http_injector99,0
2026-01-31,SVNTEAM,8
2026-01-31,armod_iran,4
2026-01-31,artemisvpn1,0
2026-01-31,digigard_vpn,3
2026-01-31,iranvpnnet,12
2026-01-31,maxshare,0
2026-01-31,moft_vpn,11
2026-01-31,payam_nsi,22
2026-01-31,seven_ping,1
2026-01-31,svnteam,8
2026-01-31,vmess_iran,9
2026-01-31,vpn4ir_1,2
2026-01-31,yuproxytelegram,1
2026-01-31,inikotesla,0
2026-01-31,oneclickvpnkeys,188
2026-01-31,v2ray_free_conf,40
2026-01-31,ip_cf_config,40
2026-01-31,vlesskeys,20
2026-01-31,VlessVpnFree,30
2026-01-31,vpnfail_vless,40
2026-01-31,v2Line,8
2026-01-31,vless_vpns,39
2026-01-31,farahvpn,40
2026-01-31,bored_vpn,58
2026-01-31,empirevpn7,53
2026-01-31,V2raythekyo,36
2026-01-31,hpv2ray_official,42
2026-01-31,vmess_ir,38
2026-01-31,configfree_1,15
2026-01-31,PrivateVPNs,40
2026-01-31,Outline_Vpn,171
2026-01-31,directvpn,40
2026-01-31,m_vipv2ray,196
2026-01-31,outline_ir,38
2026-01-31,v2rayngconfings,84
2026-01-31,DigiV2ray23,36
2026-01-31,proxy_mtproto_vpns_free,21
2026-01-31,v2rayfree,21
2026-01-31,v2rayngseven,7
2026-01-31,nofiltering2,16
2026-01-31,v2_fast,32
2026-01-31,v2logy,32
2026-01-31,proxy48,86
2026-01-31,v2aryng_vpn,19
2026-01-31,siigmavpn,0
2026-01-31,disvpn,0
2026-01-31,igrsdet,48
2026-01-31,iran_access,45
2026-01-31,vpn_room,14
2026-01-31,v2rayPort,131
2026-01-31,configpluse,11
2026-01-31,customvpnserver,77
2026-01-31,v2rayng954,29
2026-01-31,Free_Internet_Iran,20
2026-01-31,mftizi,219
2026-01-31,NIM_VPN_ir,13
2026-01-31,berice_v2,33
2026-01-31,v2rayip1,3
2026-01-31,v2raytg,53
2026-01-31,V2RAY_VMESS_free,7
2026-01-31,WomanLifeFreedomVPN,21
2026-01-31,bluevpn_v2ray,23
2026-01-31,v2rayy_vpn13,51
2026-01-31,vpn_kanfik,14
2026-01-31,FalconPolV2rayNG,13
2026-01-31,ghalagyann,0
2026-01-31,iranbaxvpn,12
2026-01-31,vipvpn_v2ray,23
2026-01-31,vpncostumer,50
2026-01-31,pruoxyi,5
2026-01-31,v2ngfast,37
2026-01-31,arv2ra,151
2026-01-31,renetvpn,19
2026-01-31,v2rayngvpn_1,33
2026-01-31,v2rplus,18
2026-01-31,vpncostume,17
2026-01-31,lightning6,0
2026-01-31,hopev2ray,35
2026-01-31,arv2ray,27
2026-01-31,tehranargo,1
2026-01-31,v2raxx,27
2026-01-31,v2ryng01,1
2026-01-31,drakvpn,678
2026-01-31,sobyv2ray,0
2026-01-31,V2pedia,0
2026-01-31,v2pedia,0
2026-01-31,jiedianf,6
2026-01-31,nofilter_v2rayng,5
2026-01-31,v2rayland02,75
2026-01-31,mt_team_iran,12
2026-01-31,proxy_n1,18
2026-01-31,x4azadi,52
2026-01-31,toxicvid,9
2026-01-31,MTProto_666,54
2026-01-31,castom_v2ray,8
2026-01-31,club_vpn9,16
2026-01-31,mrvpn1403,7
2026-01-31,skivpn,27
2026-01-31,gozargah_azadi,0
2026-01-31,fastvpnorummobile,19
2026-01-31,Easy_Free_VPN,8
2026-01-31,clubvpn443,3
2026-01-31,khalaa_vpn,4
2026-01-31,servernett,0
2026-01-31,turboo_server,0
2026-01-31,virav2ray,0
2026-01-31,MsV2ray,2
2026-01-31,amirinventor2010,5
2026-01-31,black8rose,3
2026-01-31,bolbolvpn,0
2026-01-31,iranmedicalvpn,2
2026-01-31,v2rayng_81,12
2026-01-31,fhkllvjkll,53
2026-01-31,http_injector99,0
2026-01-31,SVNTEAM,8
2026-01-31,armod_iran,4
2026-01-31,artemisvpn1,0
2026-01-31,digigard_vpn,3
2026-01-31,iranvpnnet,12
2026-01-31,maxshare,0
2026-01-31,moft_vpn,11
2026-01-31,payam_nsi,22
2026-01-31,seven_ping,1
2026-01-31,svnteam,8
2026-01-31,vmess_iran,9
2026-01-31,vpn4ir_1,2
2026-01-31,yuproxytelegram,1
2026-01-31,inikotesla,0
2026-01-31,oneclickvpnkeys,301
2026-01-31,v2ray_free_conf,56
2026-01-31,ip_cf_config,60
2026-01-31,vlesskeys,30
2026-01-31,VlessVpnFree,46
2026-01-31,vpnfail_vless,60
2026-01-31,v2Line,8
2026-01-31,vless_vpns,59
2026-01-31,farahvpn,60
2026-01-31,bored_vpn,68
2026-01-31,empirevpn7,71
2026-01-31,V2raythekyo,56
2026-01-31,hpv2ray_official,42
2026-01-31,vmess_ir,58
2026-01-31,configfree_1,15
2026-01-31,PrivateVPNs,60
2026-01-31,Outline_Vpn,240
2026-01-31,directvpn,60
2026-01-31,m_vipv2ray,313
2026-01-31,outline_ir,63
2026-01-31,v2rayngconfings,128
2026-01-31,DigiV2ray23,56
2026-01-31,proxy_mtproto_vpns_free,38
2026-01-31,v2rayfree,38
2026-01-31,v2rayngseven,9
2026-01-31,nofiltering2,35
2026-01-31,v2_fast,46
2026-01-31,v2logy,44
2026-01-31,proxy48,133
2026-01-31,v2aryng_vpn,25
2026-01-31,siigmavpn,8
2026-01-31,disvpn,1
2026-01-31,igrsdet,76
2026-01-31,iran_access,68
2026-01-31,vpn_room,26
2026-01-31,v2rayPort,173
2026-01-31,configpluse,30
2026-01-31,customvpnserver,108
2026-01-31,v2rayng954,52
2026-01-31,Free_Internet_Iran,24
2026-01-31,mftizi,322
2026-01-31,NIM_VPN_ir,16
2026-01-31,berice_v2,52
2026-01-31,v2rayip1,13
2026-01-31,v2raytg,102
2026-01-31,V2RAY_VMESS_free,7
2026-01-31,WomanLifeFreedomVPN,21
2026-01-31,bluevpn_v2ray,23
2026-01-31,v2rayy_vpn13,74
2026-01-31,vpn_kanfik,40
2026-01-31,FalconPolV2rayNG,18
2026-01-31,ghalagyann,0
2026-01-31,iranbaxvpn,12
2026-01-31,vipvpn_v2ray,38
2026-01-31,vpncostumer,69
2026-01-31,pruoxyi,16
2026-01-31,v2ngfast,57
2026-01-31,arv2ra,198
2026-01-31,renetvpn,24
2026-01-31,v2rayngvpn_1,43
2026-01-31,v2rplus,18
2026-01-31,vpncostume,32
2026-01-31,lightning6,0
2026-01-31,hopev2ray,38
2026-01-31,arv2ray,47
2026-01-31,tehranargo,10
2026-01-31,v2raxx,46
2026-01-31,v2ryng01,3
2026-01-31,drakvpn,1054
2026-01-31,sobyv2ray,0
2026-01-31,V2pedia,11
2026-01-31,v2pedia,11
2026-01-31,jiedianf,6
2026-01-31,nofilter_v2rayng,17
2026-01-31,v2rayland02,113
2026-01-31,mt_team_iran,23
2026-01-31,proxy_n1,18
2026-01-31,x4azadi,61
2026-01-31,toxicvid,11
2026-01-31,MTProto_666,64
2026-01-31,castom_v2ray,13
2026-01-31,club_vpn9,25
2026-01-31,mrvpn1403,7
2026-01-31,skivpn,37
2026-01-31,gozargah_azadi,0
2026-01-31,fastvpnorummobile,43
2026-01-31,Easy_Free_VPN,15
2026-01-31,clubvpn443,3
2026-01-31,khalaa_vpn,6
2026-01-31,servernett,0
2026-01-31,turboo_server,0
2026-01-31,virav2ray,8
2026-01-31,MsV2ray,3
2026-01-31,amirinventor2010,6
2026-01-31,black8rose,3
2026-01-31,bolbolvpn,0
2026-01-31,iranmedicalvpn,6
2026-01-31,v2rayng_81,14
2026-01-31,fhkllvjkll,103
2026-01-31,http_injector99,0
2026-01-31,SVNTEAM,18
2026-01-31,armod_iran,4
2026-01-31,artemisvpn1,0
2026-01-31,digigard_vpn,4
2026-01-31,iranvpnnet,20
2026-01-31,maxshare,0
2026-01-31,moft_vpn,13
2026-01-31,payam_nsi,38
2026-01-31,seven_ping,1
2026-01-31,svnteam,18
2026-01-31,vmess_iran,10
2026-01-31,vpn4ir_1,5
2026-01-31,yuproxytelegram,1
2026-01-31,inikotesla,1
